month,product_name,active_customers,total_cohort_customers,gross_inflows_aed,redemptions_aed,net_inflows_aed,target_inflows_aed,deviation_pct,status
2025-01,Term Sukuk (Fixed Income),5255,154000,826937853.53,299419328.92,527518524.61,509837096.05,3.47,HEALTHY
2025-01,Saving Bonds,139945,154000,138724999.36,78907340.19,59817659.17,57599147.91,3.85,HEALTHY
2025-01,MyPlan / Regular Saver,23742,154000,12981709.98,3132505.6,9849204.38,9999425.28,-1.5,HEALTHY
2025-01,Booster Plan,5858,154000,7492954.12,1725182.48,5767771.64,7787965.34,-25.94,BREACH
2025-01,Second Salary (Regular Savings),1919,154000,2647992.94,758416.42,1889576.52,2003263.16,-5.68,HEALTHY
2025-02,Term Sukuk (Fixed Income),5200,154000,767434709.98,278457861.55,488976848.44,496354490.69,-1.49,HEALTHY
2025-02,Saving Bonds,136302,154000,119582618.9,69501249.85,50081369.05,54415072.13,-7.96,HEALTHY
2025-02,MyPlan / Regular Saver,24111,154000,13871180.09,3466625.48,10404554.61,10547674.3,-1.36,HEALTHY
2025-02,Booster Plan,5897,154000,8314562.49,1912044.13,6402518.36,8352027.38,-23.34,BREACH
2025-02,Second Salary (Regular Savings),1951,154000,2835739.58,797037.13,2038702.45,2079109.19,-1.94,HEALTHY
2025-03,Term Sukuk (Fixed Income),5555,154000,1136236131.4,440470205.0,695765926.4,671165679.61,3.67,HEALTHY
2025-03,Saving Bonds,139881,154000,155204395.13,91571292.9,63633102.23,60353294.72,5.43,HEALTHY
2025-03,MyPlan / Regular Saver,24126,154000,14464751.99,3534263.5,10930488.5,11064524.88,-1.21,HEALTHY
2025-03,Booster Plan,5896,154000,8747049.63,1938823.02,6808226.61,8999512.92,-24.35,BREACH
2025-03,Second Salary (Regular Savings),1939,154000,2918024.06,780509.09,2137514.97,2190811.81,-2.43,HEALTHY
2025-04,Term Sukuk (Fixed Income),5339,154000,942778643.09,374351036.16,568427606.93,566427749.09,0.35,HEALTHY
2025-04,Saving Bonds,133872,154000,110302318.49,62853268.34,47449050.16,51320289.29,-7.54,HEALTHY
2025-04,MyPlan / Regular Saver,24121,154000,13616357.62,3369972.01,10246385.61,11130955.25,-7.95,HEALTHY
2025-04,Booster Plan,5894,154000,8732406.06,1951213.32,6781192.74,9072543.1,-25.26,BREACH
2025-04,Second Salary (Regular Savings),1952,154000,3228252.35,926374.68,2301877.67,2339769.2,-1.62,HEALTHY
2025-05,Term Sukuk (Fixed Income),5460,154000,1111729323.01,430698373.17,681030949.84,637136474.58,6.89,HEALTHY
2025-05,Saving Bonds,133383,154000,107794707.49,61264387.25,46530320.24,46995990.95,-0.99,HEALTHY
2025-05,MyPlan / Regular Saver,24243,154000,13985467.13,3215573.36,10769893.77,11660422.85,-7.64,HEALTHY
2025-05,Booster Plan,6008,154000,9636105.04,2016752.97,7619352.06,9752153.24,-21.87,BREACH
2025-05,Second Salary (Regular Savings),1981,154000,3250034.93,929168.96,2320865.97,2427506.42,-4.39,HEALTHY
2025-06,Term Sukuk (Fixed Income),5166,154000,724514830.99,272903611.01,451611219.98,462069695.88,-2.26,HEALTHY
2025-06,Saving Bonds,131552,154000,94770173.2,53028088.76,41742084.44,43132089.19,-3.22,HEALTHY
2025-06,MyPlan / Regular Saver,24353,154000,14881268.36,3654923.18,11226345.17,11406808.33,-1.58,HEALTHY
2025-06,Booster Plan,6021,154000,10668879.68,2450958.58,8217921.11,10453183.13,-21.38,BREACH
2025-06,Second Salary (Regular Savings),1990,154000,3463777.66,995133.54,2468644.12,2598219.18,-4.99,HEALTHY
2025-07,Term Sukuk (Fixed Income),5150,154000,682205937.4,268189983.84,414015953.56,437690674.78,-5.41,HEALTHY
2025-07,Saving Bonds,131951,154000,86320066.06,48762617.03,37557449.03,40367114.61,-6.96,HEALTHY
2025-07,MyPlan / Regular Saver,24273,154000,15110176.54,3576496.6,11533679.95,11954978.49,-3.52,HEALTHY
2025-07,Booster Plan,6038,154000,11127525.38,2331358.12,8796167.26,11418316.11,-22.96,BREACH
2025-07,Second Salary (Regular Savings),1972,154000,3469534.8,1009577.69,2459957.11,2521369.83,-2.44,HEALTHY
2025-08,Term Sukuk (Fixed Income),5248,154000,755345853.55,293083561.99,462262291.56,475878835.02,-2.86,HEALTHY
2025-08,Saving Bonds,137096,154000,136249947.69,82264707.35,53985240.35,54584644.63,-1.1,HEALTHY
2025-08,MyPlan / Regular Saver,24632,154000,15726200.62,3678488.87,12047711.75,12595188.69,-4.35,HEALTHY
2025-08,Booster Plan,6081,154000,12144900.2,2612140.52,9532759.68,12083279.61,-21.11,BREACH
2025-08,Second Salary (Regular Savings),2025,154000,3668934.16,982328.77,2686605.39,2760847.61,-2.69,HEALTHY
2025-09,Term Sukuk (Fixed Income),5412,154000,1054113191.82,402442898.55,651670293.28,631045475.73,3.27,HEALTHY
2025-09,Saving Bonds,143425,154000,177352321.79,104211943.15,73140378.64,66601245.04,9.82,HEALTHY
2025-09,MyPlan / Regular Saver,24832,154000,16576097.36,4097476.55,12478620.81,13081562.41,-4.61,HEALTHY
2025-09,Booster Plan,6126,154000,14375385.07,3031337.79,11344047.27,13358132.53,-15.08,BREACH
2025-09,Second Salary (Regular Savings),2042,154000,4095492.05,1191541.69,2903950.37,2892454.33,0.4,HEALTHY
2025-10,Term Sukuk (Fixed Income),5499,154000,1184946818.03,435087813.97,749859004.07,691822255.89,8.39,HEALTHY
2025-10,Saving Bonds,141243,154000,141338289.54,79736467.83,61601821.72,57979612.85,6.25,HEALTHY
2025-10,MyPlan / Regular Saver,24738,154000,17534155.28,4251751.25,13282404.03,13450928.93,-1.25,HEALTHY
2025-10,Booster Plan,6252,154000,16394056.91,3658200.42,12735856.49,13933349.85,-8.59,WARNING
2025-10,Second Salary (Regular Savings),2047,154000,3873496.53,1030939.88,2842556.65,3020098.65,-5.88,HEALTHY
2025-11,Term Sukuk (Fixed Income),5606,154000,1357103892.48,522461793.68,834642098.8,784097281.94,6.45,HEALTHY
2025-11,Saving Bonds,142194,154000,166119718.05,95105930.47,71013787.58,66768156.77,6.36,HEALTHY
2025-11,MyPlan / Regular Saver,25152,154000,18495209.03,4653092.71,13842116.32,14144613.12,-2.14,HEALTHY
2025-11,Booster Plan,6333,154000,19175020.08,4036035.84,15138984.24,15376827.66,-1.55,HEALTHY
2025-11,Second Salary (Regular Savings),2071,154000,4362681.69,1244122.37,3118559.32,3128822.29,-0.33,HEALTHY
2025-12,Term Sukuk (Fixed Income),5510,154000,1221516571.26,481009830.77,740506740.49,734789644.6,0.78,HEALTHY
2025-12,Saving Bonds,140679,154000,149309132.96,83180185.68,66128947.28,63776265.41,3.69,HEALTHY
2025-12,MyPlan / Regular Saver,24860,154000,17800265.84,4216173.27,13584092.57,13836479.35,-1.82,HEALTHY
2025-12,Booster Plan,6337,154000,17937939.72,3821955.78,14115983.94,14754144.36,-4.33,HEALTHY
2025-12,Second Salary (Regular Savings),2091,154000,4568049.68,1303367.13,3264682.55,3227619.07,1.15,HEALTHY
2026-01,Term Sukuk (Fixed Income),5476,154000,1178356909.91,460902269.7,717454640.21,681765603.78,5.23,HEALTHY
2026-01,Saving Bonds,134814,154000,102894895.29,58083690.21,44811205.08,52838206.37,-15.19,BREACH
2026-01,MyPlan / Regular Saver,25148,154000,19047728.68,4356982.18,14690746.5,14567064.77,0.85,HEALTHY
2026-01,Booster Plan,6384,154000,21395578.37,4482853.19,16912725.18,16102666.9,5.03,HEALTHY
2026-01,Second Salary (Regular Savings),2076,154000,4460743.02,1258486.65,3202256.38,3350349.31,-4.42,HEALTHY
2026-02,Term Sukuk (Fixed Income),5289,154000,914229574.77,356718556.93,557511017.84,578009442.75,-3.55,HEALTHY
2026-02,Saving Bonds,132260,154000,99239662.55,57966188.86,41273473.69,51705365.53,-20.18,BREACH
2026-02,MyPlan / Regular Saver,25177,154000,17872924.64,4243555.69,13629368.95,14214346.96,-4.12,HEALTHY
2026-02,Booster Plan,6502,154000,24001548.81,5369595.36,18631953.45,16971511.94,9.78,HEALTHY
2026-02,Second Salary (Regular Savings),2039,154000,4018089.62,1076365.34,2941724.28,3516028.81,-16.33,BREACH
2026-03,Term Sukuk (Fixed Income),5627,154000,1402889382.32,535630846.63,867258535.69,767283979.6,13.03,HEALTHY
2026-03,Saving Bonds,136297,154000,115865075.54,66136005.0,49729070.53,56015535.83,-11.22,WARNING
2026-03,MyPlan / Regular Saver,25351,154000,19051056.04,4461487.77,14589568.27,15376126.21,-5.12,HEALTHY
2026-03,Booster Plan,6604,154000,28485249.16,6446933.32,22038315.84,18562288.47,18.73,HEALTHY
2026-03,Second Salary (Regular Savings),2070,154000,4359028.11,1198830.43,3160197.68,3597158.72,-12.15,WARNING
2026-04,Term Sukuk (Fixed Income),5498,154000,1107162741.49,404707122.28,702455619.21,666837992.81,5.34,HEALTHY
2026-04,Saving Bonds,144612,154000,190331271.69,115228727.87,75102543.82,69512729.9,8.04,HEALTHY
2026-04,MyPlan / Regular Saver,25575,154000,20840421.66,5056043.16,15784378.49,15391993.82,2.55,HEALTHY
2026-04,Booster Plan,6692,154000,30908509.03,6650864.72,24257644.31,19453074.18,24.7,HEALTHY
2026-04,Second Salary (Regular Savings),2068,154000,4166099.25,1211408.13,2954691.12,3661051.67,-19.29,BREACH
2026-05,Term Sukuk (Fixed Income),5589,154000,1265491119.42,496354431.97,769136687.45,701609895.97,9.62,HEALTHY
2026-05,Saving Bonds,145119,154000,183020091.43,107745368.02,75274723.42,67061963.48,12.25,HEALTHY
2026-05,MyPlan / Regular Saver,25876,154000,21105810.72,4874414.46,16231396.26,15735811.09,3.15,HEALTHY
2026-05,Booster Plan,6782,154000,31930683.0,7139105.24,24791577.76,20770150.57,19.36,HEALTHY
2026-05,Second Salary (Regular Savings),2019,154000,4009002.74,1122507.01,2886495.73,3735775.7,-22.73,BREACH
2026-06,Term Sukuk (Fixed Income),5311,154000,835469200.39,315275326.49,520193873.9,582159309.99,-10.64,WARNING
2026-06,Saving Bonds,136191,154000,128337172.04,77143331.12,51193840.92,57018635.08,-10.22,WARNING
2026-06,MyPlan / Regular Saver,25679,154000,21387788.29,4937984.34,16449803.95,16836681.23,-2.3,HEALTHY
2026-06,Booster Plan,6903,154000,33780858.81,7286035.52,26494823.29,21675775.52,22.23,HEALTHY
2026-06,Second Salary (Regular Savings),2017,154000,3712703.59,1057206.29,2655497.3,3785182.13,-29.84,BREACH
